name,image,rating,phone,address,languages,specialties,pricing,payment_methods,equipement_et_service,couvert_max,nombre_salle,nombre_salle_clim,couvert_terrasse,Lundi,Mardi,Mercredi,Jeudi,Vendredi,Samedi,Dimanche
Comptoir des Frangines,https://cdn.iris-etourism.io/uploads/grand_avignon/sizes/dd9/129-74-22497921-335x335.webp,9.1,04 90 27 03 78,"130, Chemin du Pont Blanc","EN, FR",française,"24 €,21 €","American Express,Carte bancaire/crédit,Espèces,Titre Restaurant,Paiement sans contact",Animaux acceptés,80,2,0,40,09h - 18h30,09h - 18h30,09h - 18h30,09h - 18h30,09h - 18h30,09h - 18h30,Fermé
La Guinguette Velleronnaise,https://cdn.iris-etourism.io/uploads/grand_avignon/sizes/83f/187-44-23669947-335x335.webp,23.0,04.90.94.85.84,276 rue du Jas,FR,française,,,"Salon de jardin,Terrain clos,Bar,Terrain ombragé,Terrasse,Toilettes,Parking,Terrasse couverte,Terrasse ombragée,Parking gratuit",0,0,0,0,Fermé,18h30 - 23h,11h30 - 15h,11h30 - 15h,11h30 - 15h,11h30 - 15h,11h - 15h
Timelo l’art de la pizza,https://cdn.iris-etourism.io/uploads/grand_avignon/sizes/bac/6-130-24019462-335x335.webp,9.3,04 90 26 70 51,2 rue de l'Oratoire,"EN, FR, IT",Non spécifié,"10 €,30 €","Carte bancaire/crédit,Chèque,Espèces",Animaux acceptés,50,2,0,30,Fermé,Fermé,18h30 - 21h30,18h30 - 21h30,18h30 - 21h30,18h30 - 21h30,Fermé
L’aRoma,https://cdn.iris-etourism.io/uploads/grand_avignon/sizes/5d6/248-240-25948408-335x335.webp,21.0,04 90 94 92 84,43 rue de la république,"FR, IT","méditerranéenne, italienne",,"Carte bancaire/crédit,Espèces","Toilettes,Climatisation,Parking à proximité",24,1,0,0,Fermé,12h - 13h30,12h - 13h30,12h - 13h30,12h - 13h30,19h - 22h,19h - 21h30
L’Heure Bleue,https://cdn.iris-etourism.io/uploads/grand_avignon/sizes/5e6/156-75-27741084-335x335.webp,9.0,04 86 84 50 85,5 rue de la république,FR,méditerranéenne,"8 €,23 €,23 €,27 €,13 €",,"Aire de jeux,Terrain ombragé,Terrasse,Terrasse ombragée",30,0,0,0,09h - 18h,09h - 18h,09h - 18h,09h - 18h,09h - 18h,09h30 - 16h,Fermé
Kozy,https://cdn.iris-etourism.io/uploads/grand_avignon/sizes/b4b/1-197-27968769-335x335.webp,0.0,04 86 84 51 10,"11 Rue de l'Hôpital, 30400 Villeneuve-lès-Avignon, France","EN, FR","fait maison, méditerranéenne",7 €,"Chèque,Carte bancaire/crédit,Espèces","Animaux acceptés,Accès Internet Wifi",24,0,0,24,Fermé,18h - 00h,18h - 00h,18h - 00h,18h - 00h,18h - 00h,Fermé
Crêperie Le L,https://cdn.iris-etourism.io/uploads/grand_avignon/sizes/908/19-31-28974867-335x335.webp,9.0,04 90 25 33 76,3 place Saint-Marc,FR,"fait maison, sans gluten, végétariens","10,50 €,16 €,25 €,10 €","Carte bancaire/crédit,Espèces","Chaise bébé,Terrasse,Climatisation,Animaux acceptés,Accès Internet Wifi,Restauration,Plats à emporter/Plats cuisinés,Restauration enfants",16,0,0,16,09h00 - 23h00,Fermé,Fermé,09h00 - 23h00,09h00 - 23h00,09h00 - 23h00,09h00 - 23h00
Le Prieuré – Baumanière,https://cdn.iris-etourism.io/uploads/grand_avignon/sizes/d2c/101-57-24918373-335x335.webp,8.8,+33(0)4 90 15 90 15,7 place du Chapitre,"EN, FR",fait maison,43 €,"American Express,Carte bancaire/crédit,Espèces","Jardin,Chaise bébé,Parking privé,Parking,Terrasse ombragée,Terrasse,Climatisation,Animaux acceptés,Restauration,Restauration enfants",35,1,1,35,09h00 - 23h00,Fermé,Fermé,09h00 - 23h00,09h00 - 23h00,09h00 - 23h00,09h00 - 23h00
O’Gastos,https://cdn.iris-etourism.io/uploads/grand_avignon/sizes/78d/120-104-27617400-335x335.webp,9.7,+33(0)4 90 88 11 93,49 rue porte de Jonquerettes,"EN, FR","française, provençale, sans gluten, fait maison, végétariens","11 €,22 €,38 €,10 €","Carte bancaire/crédit,Titre Restaurant","Terrasse,Climatisation,Animaux acceptés,Accès Internet Wifi",30,0,0,18,Fermé,Fermé,12h - 13h15,12h - 13h15,12h - 13h15,12h - 13h15,12h - 14h
Le Bouzouki,https://cdn.iris-etourism.io/uploads/grand_avignon/sizes/30f/191-129-8749503-335x335.webp,8.6,+33 (0)4 90 25 06 64,13 Chemin du Polygone,"ES, FR","fait maison, méditerranéenne, Cuisine grecque","22 €,25 €,50 €,14 €","Chèque,Espèces,Carte bancaire/crédit","Jardin,Chaise bébé,Cheminée,Terrasse couverte,Parking gratuit,Parking privé,Parking,Terrasse,Accès Internet Wifi,Restauration,Restauration enfants",40,1,0,45,Fermé,09h00 - 23h00,09h00 - 23h00,09h00 - 23h00,09h00 - 23h00,09h00 - 23h00,09h00 - 23h00
Aubergine,https://cdn.iris-etourism.io/uploads/grand_avignon/sizes/75a/53-56-15677493-335x335.webp,8.6,04 90 90 05 64,15 rue de la République,"DE, EN, ES, FR, DA","méditerranéenne, française, bio, provençale, sans gluten, fait maison, végétariens","9 €,25 €","Carte bancaire/crédit,Chèque-Vacances Classic,Espèces,Titre Restaurant","Terrasse,Climatisation,Salle de réception,Chaise bébé,Animaux acceptés,Accès Internet Wifi,Restauration,Plats à emporter/Plats cuisinés",100,2,1,50,09h00 - 23h00,09h00 - 23h00,09h00 - 23h00,09h00 - 23h00,09h00 - 23h00,09h00 - 23h00,09h00 - 23h00
La Petite Cuillère,https://cdn.iris-etourism.io/uploads/grand_avignon/sizes/ea4/244-179-9352180-335x335.webp,8.9,+33(0)4 90 89 30 79,1 Square Dagmar Silhol,"EN, FR","fait maison, française, provençale, végétariens",17 €,"Carte bancaire/crédit,Chèque-Vacances Classic,Espèces,Titre Restaurant","Parking à proximité,Terrasse,Climatisation,Animaux acceptés,Accès Internet Wifi,Restauration,Restauration enfants,Salon de thé / Coffee shop",30,1,0,120,09h00 - 23h00,09h00 - 23h00,09h00 - 23h00,09h00 - 23h00,09h00 - 23h00,09h00 - 23h00,09h00 - 23h00
Le Pavillon Bleu,https://cdn.iris-etourism.io/uploads/grand_avignon/sizes/1d3/95-210-6738527-335x335.webp,7.4,04 90 86 71 30,"25, allée Antoine Pinay","IT, DE, EN, FR","fait maison, française","10 €,20 €,16 €,28 €,7 €","Chèque,Titre Restaurant,American Express,Carte bancaire/crédit","Parking privé,Parking autocar,Parking,Terrasse,Climatisation,Accès Internet Wifi,Restauration,Banquet,Plats à emporter/Plats cuisinés,Restauration enfants",0,0,0,0,Fermé,09h00 - 23h00,09h00 - 23h00,09h00 - 23h00,09h00 - 23h00,09h00 - 23h00,09h00 - 23h00
La Guinguette du Vieux Moulin,https://cdn.iris-etourism.io/uploads/grand_avignon/sizes/7f3/83-54-15873619-335x335.webp,8.9,04 90 14 62 12,"5, rue du Vieux Moulin","EN, FR","fait maison, française, provençale","10 €,26 €,20 €,24 €,11 €","Carte bancaire/crédit,Chèque,Espèces,Titre Restaurant","Jardin,Chaise bébé,Cheminée,Terrasse couverte,Terrasse ombragée,Terrasse,Animaux acceptés,Accès Internet Wifi,Restauration,Restauration enfants",120,3,2,150,Fermé,12h - 14h,12h - 14h,12h - 14h,12h - 14h,12h - 14h,12h - 14h
Restaurant Opéra café,https://cdn.iris-etourism.io/uploads/grand_avignon/sizes/701/182-124-22183094-335x335.webp,0.0,04 90 86 17 43,24 place de l'Horloge,"DE, EN, ES, FR",française,"8 €,28 €","Espèces,Titre Restaurant,American Express,Carte bancaire/crédit,Chèque-Vacances Classic","Chaise bébé,Terrasse couverte,Bar,Terrasse,Salle de réception,Animaux acceptés",210,90,0,120,09h00 - 23h00,09h00 - 23h00,09h00 - 23h00,09h00 - 23h00,09h00 - 23h00,09h00 - 23h00,09h00 - 23h00
V&G Veggie et Gourmand,https://cdn.iris-etourism.io/uploads/grand_avignon/sizes/b54/214-203-21482454-335x335.webp,0.0,09 88 41 71 79,24 Rue de la Bonneterie,FR,Non spécifié,,,,22,1,0,12,09h00 - 23h00,09h00 - 23h00,09h00 - 23h00,09h00 - 23h00,09h00 - 23h00,09h00 - 23h00,Fermé
Restaurant Le Goût du Jour,https://cdn.iris-etourism.io/uploads/grand_avignon/sizes/d0c/29-71-20465437-335x335.webp,9.3,04 32 76 32 16,"20, rue Saint-Etienne","EN, FR","végétalienne, fait maison, sans gluten, méditerranéenne, française, provençale, gastronomique, végétariens","12 €,45 €,54 €,70 €,16 €","Chèque,Espèces,American Express,Carte bancaire/crédit","Chaise bébé,Parking,Parking payant,Salle de réception,Climatisation,Animaux acceptés,Accès Internet Wifi,Restauration,Plats à emporter/Plats cuisinés,Restauration enfants,Privatisable",40,1,1,0,09h00 - 23h00,Fermé,Fermé,09h00 - 23h00,09h00 - 23h00,09h00 - 23h00,09h00 - 23h00
Vivotto,https://cdn.iris-etourism.io/uploads/grand_avignon/sizes/5fc/129-197-2409857-335x335.webp,9.0,04 32 76 36 73,"34, rue des Trois Faucons","EN, FR","sans lactose, végétalienne, fait maison, sans gluten, méditerranéenne, italienne, saladerie, végétariens","11,95 €,14,95 €","Titre Restaurant,Carte bancaire/crédit","Chaise bébé,Parking à proximité,Terrasse ombragée,Terrasse,Climatisation,Animaux acceptés,Accès Internet Wifi,Restauration,Restauration rapide,Plats à emporter/Plats cuisinés",30,1,1,40,09h00 - 23h00,09h00 - 23h00,09h00 - 23h00,09h00 - 23h00,09h00 - 23h00,09h00 - 23h00,09h00 - 23h00
Chez Mamie,https://cdn.iris-etourism.io/uploads/grand_avignon/sizes/6b8/36-194-6930980-335x335.webp,0.0,04 13 39 04 88,41 – 43 rue Carnot,"EN, ES, FR","française, provençale, sans gluten, fait maison","26 €,30 €,10 €","Carte bancaire/crédit,Espèces","Terrasse,Climatisation,Chaise bébé,Animaux acceptés,Accès Internet Wifi,Restauration,Plats à emporter/Plats cuisinés,Restauration enfants",37,0,0,10,Fermé,09h00 - 23h00,09h00 - 23h00,09h00 - 23h00,09h00 - 23h00,09h00 - 23h00,09h00 - 23h00
Les Gustaves – Mercure Avignon TGV,https://cdn.iris-etourism.io/uploads/grand_avignon/sizes/65b/104-64-26820712-335x335.webp,9.0,04 32 76 89 07,2 Rue Mère Térésa,"EN, ES, FR, PT","méditerranéenne, fait maison, viande","25 €,15 €","American Express,Carte bancaire/crédit,Chèque-Vacances Classic,Espèces,Titre Restaurant","Abris pour vélo ou VTT,Terrasse,Climatisation,Salle de réception,Parking,Piscine,Parking autocar,Parking privé,Chaise bébé,Parking gratuit,Animaux acceptés,Accès autocar,Location de salles,Boutique,Accès Internet Wifi,Restauration,Banquet,Restauration enfants,Salon de thé / Coffee shop,Privatisable",50,0,0,40,09h00 - 23h00,09h00 - 23h00,09h00 - 23h00,09h00 - 23h00,09h00 - 23h00,09h00 - 23h00,09h00 - 23h00
Brut Butcher,https://cdn.iris-etourism.io/uploads/grand_avignon/sizes/558/87-214-6411863-335x335.webp,21.0,04 32 44 02 00,641 avenue de Saint Tronquet,FR,viande,,,,0,0,0,0,11h30 - 15h,11h30 - 15h,11h30 - 15h,11h30 - 15h,11h30 - 15h,11h30 - 15h,11h30 - 15h
Ô FONDUES by LE ROUGE GORGE,https://cdn.iris-etourism.io/uploads/grand_avignon/sizes/fe8/143-239-27193231-335x335.webp,0.0,04 86 34 27 27,"10 bis, rue Peyrolerie","EN, FR",française,"19 €,13 €","Carte bancaire/crédit,Chèque,Paiement sans contact","Bar,Animaux acceptés,Accès autocar,Location de salles,Accès Internet Wifi,Restauration,Traiteur,Privatisable",100,2,0,0,Fermé,09h00 - 23h00,09h00 - 23h00,09h00 - 23h00,09h00 - 23h00,09h00 - 23h00,Fermé
La Parenthèse d’Entraigues,https://cdn.iris-etourism.io/uploads/grand_avignon/sizes/bdc/127-215-22534015-335x335.webp,9.5,09 50 61 63 22,719 route de Carpentras,FR,méditerranéenne,,,,0,0,0,0,Fermé,09h00 - 23h00,09h00 - 23h00,09h00 - 23h00,09h00 - 23h00,09h00 - 23h00,Fermé
La Tonnelle,https://cdn.iris-etourism.io/uploads/grand_avignon/sizes/b45/113-176-2011249-335x335.webp,8.9,04 90 26 04 04,Restaurant la Tonnelle – Hôtel le Petit Manoir,EN,française,,"Titre Restaurant,Carte bancaire/crédit","Terrasse,Animaux acceptés,Accès Internet Wifi",80,0,0,80,Fermé,Fermé,Fermé,Fermé,Fermé,Fermé,Fermé
Apium,https://cdn.iris-etourism.io/uploads/grand_avignon/sizes/5e9/147-150-5871251-335x335.webp,9.4,04 90 25 45 06,4 Place Jean Jaurès,FR,française,,,,0,0,0,0,09h00 - 23h00,09h00 - 23h00,09h00 - 23h00,09h00 - 23h00,09h00 - 23h00,09h00 - 23h00,09h00 - 23h00
La Margelle,https://cdn.iris-etourism.io/uploads/grand_avignon/sizes/237/24-77-22695192-335x335.webp,9.0,04 90 22 01 12,203 avenue de la Rétanque,FR,Non spécifié,,,,0,0,0,0,Fermé,Fermé,Fermé,Fermé,Fermé,Fermé,Fermé
Au Bistrot d’Entraigues,https://cdn.iris-etourism.io/uploads/grand_avignon/sizes/b84/20-21-22549780-335x335.webp,0.0,04 90 88 97 92,76 rue Daniel Lavorini,FR,Non spécifié,,,,50,0,0,0,09h00 - 23h00,09h00 - 23h00,Fermé,09h00 - 23h00,09h00 - 23h00,09h00 - 23h00,09h00 - 23h00
Brigitte coffee shop,https://cdn.iris-etourism.io/uploads/grand_avignon/sizes/bfd/42-162-27894314-335x335.webp,9.0,+33(0)4 65 81 27 94,"3, Place Saint-Marc",FR,"sans lactose, Cuisine végétarienne, fait maison, sans gluten, française, provençale",,"Carte bancaire/crédit,Espèces,Paiement sans contact","Terrain ombragé,Terrasse,Toilettes,Chaise bébé,Animaux acceptés",20,0,0,20,Fermé,09h00 - 23h00,09h00 - 23h00,09h00 - 23h00,09h00 - 23h00,09h00 - 23h00,09h00 - 23h00
Tommy’s Diner,https://cdn.iris-etourism.io/uploads/grand_avignon/sizes/739/57-128-16416825-335x335.webp,0.0,04 13 41 66 10,311 chemin des Petits Rougiers,"EN, ES, FR","halal, fait maison, nord-américaine, Cuisine sud-américaine, végétariens",,"American Express,Carte bancaire/crédit,Chèque-Vacances Classic,Espèces,Titre Restaurant,Apple Pay","Chaise bébé,Parking privé,Parking,Climatisation,Toilettes,Animaux acceptés,Restauration,Plats à emporter/Plats cuisinés,Restauration enfants",0,0,0,0,09h00 - 23h00,09h00 - 23h00,09h00 - 23h00,09h00 - 23h00,09h00 - 23h00,09h00 - 23h00,09h00 - 23h00
Chez Papé et Mamé,https://cdn.iris-etourism.io/uploads/grand_avignon/sizes/dc1/89-195-6407001-335x335.webp,9.6,+33 (0)6 42 60 93 37,8 impasse du lavoir,"EN, FR",française,,,Animaux acceptés,60,0,0,35,09h00 - 23h00,09h00 - 23h00,09h00 - 23h00,09h00 - 23h00,09h00 - 23h00,09h00 - 23h00,Fermé
Chez Ju,https://cdn.iris-etourism.io/uploads/grand_avignon/sizes/9b3/222-154-4627166-335x335.webp,0.0,07 67 13 40 61,9 rue de la République,FR,Non spécifié,,,,0,1,0,0,09h00 - 23h00,09h00 - 23h00,09h00 - 23h00,09h00 - 23h00,09h00 - 23h00,09h00 - 23h00,09h00 - 23h00
La Salamandre,https://cdn.iris-etourism.io/uploads/grand_avignon/sizes/e49/190-221-28171710-335x335.webp,9.2,+33(0)4 90 90 94 62,13 Place Jean Jaurès,FR,"végétalienne, végétariens",,"American Express,Carte bancaire/crédit,Chèque,Chèque-Vacances Classic,Espèces,Titre Restaurant",Animaux acceptés,78,1,0,50,09h00 - 23h00,09h00 - 23h00,09h00 - 23h00,09h00 - 23h00,09h00 - 23h00,09h00 - 23h00,09h00 - 23h00
Planet Rock,https://cdn.iris-etourism.io/uploads/grand_avignon/sizes/6c6/35-239-10546979-335x335.webp,11.0,+33 4 90 85 85 80,229 rue Graham Bell,FR,Non spécifié,,,,0,0,0,0,11h30 - 14h,11h30 - 14h,11h30 - 14h,11h30 - 14h,11h30 - 14h,11h30 - 14h,Fermé
La Table des Chartreux,https://cdn.iris-etourism.io/uploads/grand_avignon/sizes/3ea/109-73-21055853-335x335.webp,0.0,+33(0)4 90 94 23 38,RD 6580,FR,Non spécifié,,,,0,0,0,0,09h00 - 23h00,09h00 - 23h00,09h00 - 23h00,09h00 - 23h00,09h00 - 23h00,09h00 - 23h00,Fermé
Najeti Hôtel la Magnaneraie – Bar à Manger,https://cdn.iris-etourism.io/uploads/grand_avignon/sizes/af0/234-215-3397610-335x335.webp,8.5,+33(0)4 90 25 11 11,37 rue Camp de Bataille,"DE, EN, FR",Non spécifié,,"American Express,Carte bancaire/crédit,Chèque,Chèque-Vacances Classic,Espèces,Titre Restaurant","Abris pour vélo ou VTT,Terrasse,Climatisation,Salle de réception,Parking,Jardin,Piscine,Parking autocar,Parking privé,Chaise bébé,Terrasse ombragée,Animaux acceptés,Accès Internet Wifi,Restauration,Voiturier,Banquet,Restauration enfants,Traiteur",100,2,1,100,09h00 - 23h00,09h00 - 23h00,09h00 - 23h00,09h00 - 23h00,09h00 - 23h00,09h00 - 23h00,09h00 - 23h00
Le Mas Lindo,https://cdn.iris-etourism.io/uploads/grand_avignon/sizes/5c1/68-93-7036228-335x335.webp,18.0,+33(0)4 90 39 56 97,51 avenue du Mont-Ventoux,"EN, FR","méditerranéenne, française, espagnole, provençale, saladerie",,"Carte bancaire/crédit,Espèces,Titre Restaurant","Terrasse,Climatisation,Salle de réception,Parking,Parking autocar,Parking privé,Animaux acceptés,Restauration,Plats à emporter/Plats cuisinés",50,0,0,50,Fermé,18h30 - 23h30,Fermé,Fermé,18h30 - 23h30,18h30 - 23h30,Fermé
L’Annexe,https://cdn.iris-etourism.io/uploads/grand_avignon/sizes/e9f/20-180-9352212-335x335.webp,9.1,+33(0)9 73 16 22 81,7 Place Saint-Marc,"EN, FR","fait maison, française, provençale, végétariens",,"Carte bancaire/crédit,Chèque-Vacances Classic,Espèces,Titre Restaurant","Parking à proximité,Terrasse,Climatisation,Accès Internet Wifi,Restauration,Restauration enfants,Salon de thé / Coffee shop",100,1,0,50,09h00 - 23h00,09h00 - 23h00,09h00 - 23h00,09h00 - 23h00,09h00 - 23h00,09h00 - 23h00,09h00 - 23h00
La Gare,https://cdn.iris-etourism.io/uploads/grand_avignon/sizes/f38/5-206-5361157-335x335.webp,8.4,+ 33 (0)4 69 00 15 95,322 avenue de Saint Tronquet,"EN, FR, IT","française, fait maison, végétariens",,"Carte bancaire/crédit,Chèque-Vacances Classic,Espèces,Titre Restaurant","Climatisation,Parking,Parking autocar,Chaise bébé,Animaux acceptés,Accès Internet Wifi,Restauration,Restauration enfants,Buffet",140,5,0,0,09h00 - 23h00,09h00 - 23h00,09h00 - 23h00,09h00 - 23h00,09h00 - 23h00,09h00 - 23h00,09h00 - 23h00
L’Annexe,https://cdn.iris-etourism.io/uploads/grand_avignon/sizes/68b/234-242-22409962-335x335.webp,23.0,06 34 19 17 35,69 avenue du General de Gaulle,FR,fait maison,,"Carte bancaire/crédit,Espèces",Animaux acceptés,0,0,0,0,07h - 15h,07h - 15h,07h - 15h,07h - 15h,07h - 15h,07h - 15h,Fermé
Le CBR – Brasserie,https://cdn.iris-etourism.io/uploads/grand_avignon/sizes/e44/58-139-18058042-335x335.webp,8.0,09 51 68 88 47,361 allée Louis Montagnat,"EN, ES, FR",Non spécifié,,"Carte bancaire/crédit,Espèces,Titre Restaurant,Carte Ticket Restaurant,Paiement sans contact","Terrasse,Climatisation,Parking,Parking autocar,Chaise bébé,Parking gratuit,Animaux acceptés,Accès Internet Wifi,Restauration,Plats à emporter/Plats cuisinés,Restauration enfants,Accès internet Wifi gratuit",100,0,0,30,08h30 - 15h,08h30 - 15h,08h30 - 15h,08h30 - 15h,08h30 - 15h,Fermé,Fermé
IT Trattoria,https://cdn.iris-etourism.io/uploads/grand_avignon/sizes/6c3/174-214-6411950-335x335.webp,22.0,04 84 51 27 27,641 avenue de Saint-Tronquet,FR,"méditerranéenne, italienne",,,,0,0,0,0,09h - 22h30,09h - 22h30,09h - 22h30,09h - 22h30,09h - 22h30,09h - 22h30,09h - 22h30
Chez Olivier Bistrot,https://cdn.iris-etourism.io/uploads/grand_avignon/sizes/970/161-243-22410145-335x335.webp,8.7,04 90 25 12 14,5 place Jean Jaurès,FR,Non spécifié,,,,0,0,0,0,Fermé,09h00 - 23h00,09h00 - 23h00,09h00 - 23h00,09h00 - 23h00,09h00 - 23h00,Fermé
Les 4’Saisons,https://cdn.iris-etourism.io/uploads/grand_avignon/sizes/53b/248-211-22533112-335x335.webp,9.2,04 90 48 18 23,15 rue Laurent Bertrand,FR,Non spécifié,,,,0,0,0,0,09h00 - 23h00,09h00 - 23h00,09h00 - 23h00,09h00 - 23h00,09h00 - 23h00,09h00 - 23h00,Fermé
Restaurant St Bénézet,https://cdn.iris-etourism.io/uploads/grand_avignon/sizes/a2a/163-164-2008227-335x335.webp,0.0,06 61 53 01 91,"10 Chemin de la Barthelasse, 84000 Avignon, France",FR,française,,,,0,0,0,0,Fermé,Fermé,Fermé,Fermé,Fermé,Fermé,Fermé
Le Coude à Coude,https://cdn.iris-etourism.io/uploads/grand_avignon/sizes/cf6/24-100-5006360-335x335.webp,9.6,04 84 14 22 92,37 rue de la Saraillerie,"EN, FR","française, sans gluten, fait maison, végétariens","15 €,29 €,9 €,16 €","American Express,Carte bancaire/crédit,Espèces,Titre Restaurant","Terrasse,Animaux acceptés,Restauration,Plats à emporter/Plats cuisinés",14,1,0,18,Fermé,09h00 - 23h00,09h00 - 23h00,09h00 - 23h00,09h00 - 23h00,09h00 - 23h00,Fermé
Casa Bronzini,https://cdn.iris-etourism.io/uploads/grand_avignon/sizes/0cf/186-204-28363962-335x335.webp,0.0,04 90 82 40 98,13 Place de l'Horloge,FR,fait maison,5 €,"Chèque,Carte bancaire/crédit,Titre Restaurant,Paiement sans contact","Bar,Terrasse,Climatisation,Chaise bébé,Animaux acceptés,Privatisable",120,2,2,120,09h00 - 23h00,09h00 - 23h00,09h00 - 23h00,09h00 - 23h00,09h00 - 23h00,09h00 - 23h00,09h00 - 23h00
Restaurant Le 26,https://cdn.iris-etourism.io/uploads/grand_avignon/sizes/cb2/57-2-12976697-335x335.webp,9.1,04 90 86 51 53,"26, rue des Trois Faucons","EN, FR","méditerranéenne, française, halal, provençale, fait maison",,"Carte bancaire/crédit,Espèces,Titre Restaurant","Abris pour vélo ou VTT,Terrasse,Climatisation,Parking,Parking payant,Chaise bébé,Animaux acceptés,Animaux avec supplément,Accès Internet Wifi,Restauration,Plats à emporter/Plats cuisinés,Restauration enfants,Privatisable",54,2,2,18,09h00 - 23h00,Fermé,Fermé,09h00 - 23h00,09h00 - 23h00,09h00 - 23h00,09h00 - 23h00
Restaurant Bar le Casino,https://cdn.iris-etourism.io/uploads/grand_avignon/sizes/4ec/3-252-15531011-335x335.webp,8.8,+33 (0)4 90 20 11 59,29 place de la Poste,"EN, ES, FR","française, provençale, fait maison",,"Carte bancaire/crédit,Chèque","Terrasse,Climatisation,Animaux acceptés,Accès Internet Wifi,Restauration,Plats à emporter/Plats cuisinés,Restauration enfants",0,0,0,0,09h00 - 23h00,09h00 - 23h00,09h00 - 23h00,09h00 - 23h00,09h00 - 23h00,09h00 - 23h00,Fermé
Le Goût Pile,https://cdn.iris-etourism.io/uploads/grand_avignon/sizes/c7f/58-251-4586298-335x335.webp,9.5,+33(0)4 90 01 71 24,62 place du Petit Pont,FR,Non spécifié,,,Terrasse,0,0,0,0,09h00 - 23h00,09h00 - 23h00,09h00 - 23h00,09h00 - 23h00,09h00 - 23h00,09h00 - 23h00,09h00 - 23h00
L’Emulsion,https://cdn.iris-etourism.io/uploads/grand_avignon/sizes/1f8/53-141-6262069-335x335.webp,9.4,04 90 02 05 39,1 rue de l'Hôpital,FR,Non spécifié,,,,65,0,0,30,09h00 - 23h00,09h00 - 23h00,09h00 - 23h00,09h00 - 23h00,09h00 - 23h00,09h00 - 23h00,09h00 - 23h00
Bar à tapas et à vins Marion Nous,https://cdn.iris-etourism.io/uploads/grand_avignon/sizes/648/35-11-12978979-335x335.webp,0.0,+33(0)9 84 47 43 39,1 Place des Carmes,"EN, FR",fait maison,,"Carte bancaire/crédit,Chèque,Espèces",Animaux acceptés,30,2,1,60,Fermé,Fermé,09h00 - 23h00,09h00 - 23h00,09h00 - 23h00,09h00 - 23h00,09h00 - 23h00
Hortus Café,https://cdn.iris-etourism.io/uploads/grand_avignon/sizes/911/46-88-24074286-335x335.webp,0.0,+33 (0)4 90 25 55 95,Abbaye Saint-André – Fort Saint-André,FR,Non spécifié,,,,0,0,0,0,Fermé,Fermé,Fermé,Fermé,Fermé,Fermé,Fermé
Ibis-Kitchen – Restaurant de l’Hotel Ibis Avignon Sud,https://cdn.iris-etourism.io/uploads/grand_avignon/sizes/a63/139-211-3724171-335x335.webp,7.9,04 90 87 11 00,71 Chemin de la Cristole (route de Marseille),"IT, DE, EN, ZH, ES, FR","sans gluten, végétariens","18 €,25 €,17 €,2 €,8,50 €","Chèque,Espèces,Titre Restaurant,American Express,Carte bancaire/crédit,Chèque-Vacances Classic","Jardin,Piscine,Chaise bébé,Parking gratuit,Parking,Ascenseur,Climatisation,Abris pour vélo ou VTT,Animaux acceptés,Accès Internet Wifi,Restauration,Banquet,Restauration enfants",45,1,1,25,09h00 - 23h00,09h00 - 23h00,09h00 - 23h00,09h00 - 23h00,09h00 - 23h00,09h00 - 23h00,09h00 - 23h00
Restaurant Pizzeria Bagatelle,https://cdn.iris-etourism.io/uploads/grand_avignon/sizes/48d/162-15-20385698-335x335.webp,7.4,04 90 86 71 35,"25, allée Antoine Pinay","IT, DE, EN, ES, FR","sans lactose, bio, Cuisine végétarienne, végétalienne, fait maison, sans gluten, méditerranéenne, italienne, poisson, française, provençale, saladerie, végétariens","7,90 €","Chèque,American Express,Carte bancaire/crédit,Titre Restaurant,Espèces,Chèque-Vacances Classic,Chèque-Vacances Connect","Jardin,Parking gratuit,Parking privé,Parking autocar,Parking,Terrasse ombragée,Bar,Terrasse,Equipements développement durable,Gestion des déchets,Aire de jeux,Salle de réception,Climatisation,Abris pour vélo ou VTT,Animaux acceptés,Location de salles,Animaux avec supplément,Boutique,Accès Internet Wifi,Restauration,Plats à emporter/Plats cuisinés,Restauration enfants,Salon de thé / Coffee shop,Brunch,Privatisable",160,2,1,80,09h00 - 23h00,09h00 - 23h00,09h00 - 23h00,09h00 - 23h00,09h00 - 23h00,09h00 - 23h00,09h00 - 23h00
Restaurant Pizzéria Le Pili,https://cdn.iris-etourism.io/uploads/grand_avignon/sizes/984/204-181-20952524-335x335.webp,0.0,09 82 59 99 00,34- 36  Place des Corps Saints,"EN, ES, FR, IT, Arabe","Spécialités fromagères, méditerranéenne, française, italienne, espagnole, halal, provençale, fait maison, saladerie, viande","12 €,25 €","American Express,Carte bancaire/crédit,Chèque-Vacances Classic,Espèces,Titre Restaurant","Terrasse,Climatisation,Parking,Jardin,Parking payant,Chaise bébé,Accès Internet Wifi,Restauration,Banquet,Plats à emporter/Plats cuisinés,Restauration enfants",0,1,0,50,09h00 - 23h00,09h00 - 23h00,09h00 - 23h00,09h00 - 23h00,09h00 - 23h00,09h00 - 23h00,Fermé
Une Marguerite à Table,https://cdn.iris-etourism.io/uploads/grand_avignon/sizes/31a/26-20-9245722-335x335.webp,0.0,06 60 33 50 91,"18ter, Rue Pétramale","IT, FR","fait maison, méditerranéenne, italienne","15 €,45 €","Chèque,Espèces,Titre Restaurant,American Express,Carte bancaire/crédit","Chaise bébé,Terrasse,Climatisation,Animaux acceptés,Accès Internet Wifi,Restauration,Plats à emporter/Plats cuisinés,Traiteur",18,1,0,30,Fermé,Fermé,09h00 - 23h00,09h00 - 23h00,09h00 - 23h00,09h00 - 23h00,09h00 - 23h00
L’Epicerie de Ginette,https://cdn.iris-etourism.io/uploads/grand_avignon/sizes/ca5/213-13-5049813-335x335.webp,9.1,04 90 15 78 64,"25-27, place des Corps Saints","EN, ES, FR, IT","Spécialités fromagères, française, bio, provençale, fait maison, saladerie, végétariens","5,90 €,14,30 €,12,40 €","American Express,Carte bancaire/crédit,Chèque-Vacances Classic,Titre Restaurant","Terrasse,Climatisation,Salle de réception,Parking,Parking payant,Parking à proximité,Terrasse ombragée,Animaux acceptés,Restauration,Banquet,Restauration rapide,Plats à emporter/Plats cuisinés,Salon de thé / Coffee shop",60,0,0,50,11h - 23h30,11h - 23h30,11h - 23h30,11h - 23h30,11h - 23h30,11h - 23h30,11h - 23h30
Kouk – cantine de quartier,https://cdn.iris-etourism.io/uploads/grand_avignon/sizes/b27/111-7-27199343-335x335.webp,0.0,06 35 39 62 09,1 rue henri fabre,FR,fait maison,,"Carte bancaire/crédit,Chèque,Titre Restaurant,Apple Pay","Climatisation,Chaise bébé,Table à langer,Animaux acceptés",24,0,0,0,09h00 - 23h00,09h00 - 23h00,09h00 - 23h00,09h00 - 23h00,09h00 - 23h00,Fermé,Fermé
Italie là-bas,https://cdn.iris-etourism.io/uploads/grand_avignon/sizes/842/105-101-3171689-335x335.webp,9.2,04 86 81 62 27,"23, Rue de la Bancasse","IT, EN, FR","gastronomique, méditerranéenne, Cuisine végétarienne, bio, italienne, sans gluten, végétalienne, fait maison, végétariens","40 €,25 €","Chèque,Espèces,Carte bancaire/crédit","Terrasse ombragée,Terrasse,Animaux acceptés,Accès Internet Wifi",40,2,0,30,Fermé,Fermé,09h00 - 23h00,09h00 - 23h00,09h00 - 23h00,09h00 - 23h00,Fermé
Le Lapin Blanc,https://cdn.iris-etourism.io/uploads/grand_avignon/sizes/e4e/198-145-22712774-335x335.webp,0.0,04 90 01 71 70,101 Rue de la Bonneterie,"EN, FR",fait maison,,"Titre Restaurant,American Express,Carte bancaire/crédit","Terrasse,Animaux acceptés",0,0,0,0,Fermé,09h00 - 23h00,09h00 - 23h00,09h00 - 23h00,09h00 - 23h00,09h00 - 23h00,Fermé
Le Violette – Collection Lambert,https://cdn.iris-etourism.io/uploads/grand_avignon/sizes/997/88-86-3823192-335x335.webp,9.5,04 90 85 36 42,5 rue Violette,"IT, EN, ES, FR","sans lactose, Cuisine végétarienne, végétalienne, fait maison, sans gluten, orientale, poisson, végétariens",,"Chèque,Espèces,Titre Restaurant,Carte bancaire/crédit","Chaise bébé,Terrasse ombragée,Terrasse,Climatisation,Animaux acceptés,Accès Internet Wifi,Restauration,Banquet,Plats à emporter/Plats cuisinés,Restauration enfants,Traiteur",40,2,2,200,Fermé,09h00 - 23h00,09h00 - 23h00,09h00 - 23h00,09h00 - 23h00,09h00 - 23h00,Fermé
Le Petit Grand,https://cdn.iris-etourism.io/uploads/grand_avignon/sizes/da9/125-155-10066813-335x335.webp,0.0,04 65 87 90 96,"72, place des Corps Saints","EN, ES, FR","bio, végétalienne, fait maison, sans gluten, méditerranéenne, française","19 €,11 €","Chèque,Espèces,Titre Restaurant,American Express,Carte bancaire/crédit","Terrasse ombragée,Bar,Terrasse,Animaux acceptés,Accès Internet Wifi,Restauration,Plats à emporter/Plats cuisinés",75,0,0,80,Fermé,Fermé,09h00 - 23h00,09h00 - 23h00,09h00 - 23h00,09h00 - 23h00,09h00 - 23h00
Pokawa,https://cdn.iris-etourism.io/uploads/grand_avignon/sizes/a4d/0-116-12219392-335x335.webp,0.0,04 65 87 29 59,7 rue Saint Jean Le Vieux –  Place Pie,"EN, ES, FR","bio, halal, sans gluten, végétalienne, végétariens","7,90 €,18,90 €","American Express,Carte bancaire/crédit,Titre Restaurant,Union Pay","Terrasse,Climatisation,Accès Internet Wifi,Restauration,Restauration enfants",16,0,0,80,09h00 - 23h00,09h00 - 23h00,09h00 - 23h00,09h00 - 23h00,09h00 - 23h00,09h00 - 23h00,09h00 - 23h00
Brasserie du Conservatoire et Bar à vins,https://cdn.iris-etourism.io/uploads/grand_avignon/sizes/d60/197-142-3378885-335x335.webp,7.5,04 90 86 86 42,"17/19, rue Saint-Jean le Vieux –  Place Pie","IT, DE, EN, ES, FR","fait maison, méditerranéenne","12 €,20 €,19 €,30 €","Espèces,Titre Restaurant,Carte bancaire/crédit,Chèque-Vacances Classic","Chaise bébé,Terrasse couverte,Terrasse ombragée,Terrasse,Climatisation,Accès Internet Wifi,Restauration,Restauration enfants,Salon de thé / Coffee shop",70,2,2,130,09h00 - 23h00,09h00 - 23h00,09h00 - 23h00,09h00 - 23h00,09h00 - 23h00,09h00 - 23h00,09h00 - 23h00
Grand Café Barretta / Restaurant et Bar à Vin,https://cdn.iris-etourism.io/uploads/grand_avignon/sizes/d4c/8-70-8603144-335x335.webp,6.0,04 90 01 58 18,14 Place Saint Didier,"EN, FR","fait maison, végétariens","10 €,30 €,14 €","Chèque,Espèces,Titre Restaurant,Carte bancaire/crédit","Chaise bébé,Terrasse ombragée,Terrasse,Salle de réception,Climatisation,Animaux acceptés,Accès Internet Wifi,Restauration,Salon de thé / Coffee shop",140,0,0,140,09h00 - 23h00,09h00 - 23h00,09h00 - 23h00,09h00 - 23h00,09h00 - 23h00,09h00 - 23h00,09h00 - 23h00
Estaminet Arômes et Tentations,https://cdn.iris-etourism.io/uploads/grand_avignon/sizes/72e/83-77-3231059-335x335.webp,9.2,04 90 83 46 74,"8, RUE MAZAN","EN, ES, FR","poisson, française, provençale, sans gluten, fait maison","14 €,26 €,19 €","Carte bancaire/crédit,Espèces,Titre Restaurant","Terrasse,Climatisation,Parking à proximité,Chaise bébé,Animaux acceptés,Accès Internet Wifi,Restauration,Plats à emporter/Plats cuisinés,Privatisable",20,1,0,20,Fermé,Fermé,Fermé,Fermé,Fermé,Fermé,Fermé
Best Western Plus Le Lavarin – Restaurant,https://cdn.iris-etourism.io/uploads/grand_avignon/sizes/7be/85-41-21440853-335x335.webp,8.3,04 90 89 50 60,"1715, chemin du Lavarin","EN, ES, FR",Non spécifié,"8 €,29 €","Titre Restaurant,Carte bancaire/crédit,Chèque-Vacances Classic","Jardin,Parc,Piscine,Chaise bébé,Parking gratuit,Parking,Terrasse,Climatisation,Restaurant climatisé,Animaux acceptés,Accès Internet Wifi,Accès internet Wifi gratuit",40,2,2,25,09h00 - 23h00,09h00 - 23h00,09h00 - 23h00,09h00 - 23h00,09h00 - 23h00,09h00 - 23h00,09h00 - 23h00
Restaurant / Cocktail Bar   Le Bercail,https://cdn.iris-etourism.io/uploads/grand_avignon/sizes/e53/189-228-3269821-335x335.webp,8.4,04 90 82 20 22,"162, Chemin des Canotiers","EN, ES, FR","poisson, méditerranéenne, française, provençale, sans gluten, végétalienne, fait maison, végétariens","15 €,45 €","Carte bancaire/crédit,Chèque,Chèque-Vacances Classic,Titre Restaurant","Aire de jeux,Bar,Terrasse,Salle de réception,Parking,Parking autocar,Parking privé,Chaise bébé,Terrasse ombragée,Parking gratuit,Table à langer,Animaux acceptés,Accès Internet Wifi,Restauration,Plats à emporter/Plats cuisinés,Restauration enfants",80,6,0,300,09h00 - 23h00,09h00 - 23h00,09h00 - 23h00,09h00 - 23h00,09h00 - 23h00,09h00 - 23h00,09h00 - 23h00
Le 17 Place aux Vins Avignon • Bar à vin / Caviste,https://cdn.iris-etourism.io/uploads/grand_avignon/sizes/498/96-232-20965472-335x335.webp,0.0,04 65 81 02 18,74 Place des Corps Saints,"EN, ES, FR",fait maison,"6 €,20 €","Carte bancaire/crédit,Chèque,Espèces,Titre Restaurant","Bar,Terrain ombragé,Restaurant,Animaux acceptés,Accès Internet Wifi",60,0,0,80,09h00 - 23h00,09h00 - 23h00,09h00 - 23h00,09h00 - 23h00,09h00 - 23h00,09h00 - 23h00,Fermé
Acte 2,https://cdn.iris-etourism.io/uploads/grand_avignon/sizes/c47/24-243-25948952-335x335.webp,0.0,09 53 99 36 88,3B rue de la Petite Calade,"EN, FR, IT","gastronomique, fait maison",69 €,"Carte bancaire/crédit,Espèces","Climatisation,Chaise bébé,Animaux acceptés",16,0,0,0,Fermé,Fermé,09h00 - 23h00,09h00 - 23h00,09h00 - 23h00,09h00 - 23h00,09h00 - 23h00
Naka,https://cdn.iris-etourism.io/uploads/grand_avignon/sizes/26e/113-139-5802865-335x335.webp,9.4,04 90 82 15 70,"4, Place de la Principale","EN, FR, ZH","Cuisine asiatique, Cuisine végétarienne, Cuisine japonaise, sans gluten, fait maison, végétariens","13,90 €,28 €,9,90 €","American Express,Carte bancaire/crédit,Chèque-Vacances Classic,Espèces,Titre Restaurant","Terrasse,Climatisation,Chaise bébé,Animaux acceptés,Animaux avec supplément,Accès Internet Wifi,Restauration,Plats à emporter/Plats cuisinés",65,1,1,70,09h00 - 23h00,09h00 - 23h00,09h00 - 23h00,09h00 - 23h00,09h00 - 23h00,09h00 - 23h00,Fermé
Le Carré du Palais,https://cdn.iris-etourism.io/uploads/grand_avignon/sizes/ab4/92-37-23078236-335x335.webp,9.2,04 65 00 01 01,1 Place du Palais,"EN, FR","végétalienne, fait maison, sans gluten, méditerranéenne, poisson, française, provençale, végétariens",,"Chèque,Espèces,Titre Restaurant,American Express,Carte bancaire/crédit,Chèque-Vacances Classic","Chaise bébé,Parking à proximité,Parking,Parking payant,Terrasse ombragée,Bar,Terrasse,Ascenseur,Climatisation,Animaux acceptés,Accès Internet Wifi,Restauration,Banquet,Restauration enfants,Salon de thé / Coffee shop,Privatisable",120,2,2,150,09h00 - 23h00,09h00 - 23h00,09h00 - 23h00,09h00 - 23h00,09h00 - 23h00,09h00 - 23h00,09h00 - 23h00
L’Agape,https://cdn.iris-etourism.io/uploads/grand_avignon/sizes/dc1/254-25-3152382-335x335.webp,9.3,04 90 85 04 06,"21, place des Corps Saints","EN, FR","fait maison, méditerranéenne","20 €,37 €,35 €,80 €","Espèces,Carte bancaire/crédit","Parking,Parking payant,Terrasse,Climatisation,Animaux acceptés",45,2,2,45,Fermé,09h00 - 23h00,09h00 - 23h00,09h00 - 23h00,09h00 - 23h00,09h00 - 23h00,Fermé
Restaurant Le Patio / Bar à vin – Novotel Avignon Centre,https://cdn.iris-etourism.io/uploads/grand_avignon/sizes/fde/185-153-15440313-335x335.webp,8.0,04 32 74 70 20,20 boulevard Saint Roch,"EN, ES, FR","fait maison, française, provençale","11 €,32 €,22 €,41 €,12 €","Espèces,Titre Restaurant,American Express,Carte bancaire/crédit,Chèque-Vacances Classic","Piscine,Chaise bébé,Borne de recharge pour 2 roues électriques,Parking gratuit,Parking privé,Parking,Bar,Terrasse,Salle de réception,Climatisation,Abris pour vélo ou VTT,Animaux acceptés,Accès Internet Wifi,Restauration,Banquet,Restauration enfants",150,0,0,100,09h00 - 23h00,09h00 - 23h00,09h00 - 23h00,09h00 - 23h00,09h00 - 23h00,09h00 - 23h00,09h00 - 23h00
Savita Café Restaurant,https://cdn.iris-etourism.io/uploads/grand_avignon/sizes/330/132-194-27640452-335x335.webp,7.6,04 90 25 60 77,"62 Place des Corps Saints, 84000 Avignon, France","EN, FR","Cuisine végétarienne, fait maison","7,50 €,8 €","American Express,Carte bancaire/crédit,Titre Restaurant,Espèces,Chèque-Vacances Classic","Chaise bébé,Terrasse,Climatisation,Accès Internet Wifi,Restauration,Plats à emporter/Plats cuisinés,Salon de thé / Coffee shop",20,0,0,50,09h00 - 23h00,09h00 - 23h00,09h00 - 23h00,09h00 - 23h00,09h00 - 23h00,09h00 - 23h00,09h00 - 23h00
Restaurant La Bodeguita,https://cdn.iris-etourism.io/uploads/grand_avignon/sizes/69a/142-19-27005838-335x335.webp,0.0,06 66 23 77 11,18 Boulevard Limbert,"ES, FR","fait maison, poisson, française, viande","25,90 €",,"Bar,Accès Internet Wifi",35,35,0,15,Fermé,09h00 - 23h00,09h00 - 23h00,09h00 - 23h00,09h00 - 23h00,09h00 - 23h00,Fermé
Restaurant de l’Hôtel La Ferme,https://cdn.iris-etourism.io/uploads/grand_avignon/sizes/9ba/105-225-28762473-335x335.webp,8.7,04 90 82 57 53,110 chemin des Bois,"EN, FR","poisson, méditerranéenne, française, provençale, sans gluten, sans lactose, fait maison, végétariens",39 €,"American Express,Carte bancaire/crédit,Chèque,Chèque-Vacances Classic,Espèces","Abris pour vélo ou VTT,Terrasse,Parking,Jardin,Piscine,Parking privé,Chaise bébé,Parking gratuit,Animaux acceptés,Accès Internet Wifi,Restauration,Restauration enfants",50,2,0,60,09h00 - 23h00,09h00 - 23h00,09h00 - 23h00,09h00 - 23h00,09h00 - 23h00,09h00 - 23h00,09h00 - 23h00
OISEAU,https://cdn.iris-etourism.io/uploads/grand_avignon/sizes/405/107-119-25655147-335x335.webp,0.0,06 70 42 76 82,5 Rue Cabassole,FR,"Cuisine végétarienne, sans gluten, sans lactose, végétalienne, fait maison",,"Carte bancaire/crédit,Paiement sans contact","Bar,Terrasse,Climatisation,Parking,Parking payant,Parking à proximité,Chaise bébé,Terrasse ombragée,Table à langer,Animaux acceptés,Accès Internet Wifi,Restauration,Plats à emporter/Plats cuisinés,Privatisable",36,0,0,34,09h00 - 23h00,09h00 - 23h00,09h00 - 23h00,09h00 - 23h00,09h00 - 23h00,Fermé,Fermé
LE BISTRO’NOMIC,https://cdn.iris-etourism.io/uploads/grand_avignon/sizes/15a/138-25-23599498-335x335.webp,0.0,04 90 27 18 18,Sarl Coludis,"EN, ES, FR","bio, halal, fait maison, méditerranéenne, poisson, Fruits de mer, saladerie, viande","16 €,24 €,23,90 €,29,90 €,9,90 €","American Express,Carte bancaire/crédit,Titre Restaurant,Espèces,Chèque-Vacances Classic","Chaise bébé,Terrasse ombragée,Bar,Terrasse,Animaux acceptés,Accès Internet Wifi,Restauration,Restauration enfants",255,0,0,105,09h00 - 23h00,09h00 - 23h00,09h00 - 23h00,09h00 - 23h00,09h00 - 23h00,09h00 - 23h00,09h00 - 23h00
La Fourchette,https://cdn.iris-etourism.io/uploads/grand_avignon/sizes/8b0/245-12-3149045-335x335.webp,9.4,04 90 85 20 93,17 rue Racine,"EN, ES, FR","fait maison, sans gluten, française","15 €,24 €,42 €","Chèque,Espèces,Carte bancaire/crédit","Climatisation,Animaux acceptés,Restauration,Restauration enfants",50,1,1,0,09h00 - 23h00,09h00 - 23h00,09h00 - 23h00,09h00 - 23h00,09h00 - 23h00,Fermé,Fermé
Restaurant l’Entre-Deux – Hôtel Ibis Styles Avignon Sud,https://cdn.iris-etourism.io/uploads/grand_avignon/sizes/b20/172-140-27036844-335x335.webp,8.3,04 90 87 62 36,"2968, Avenue de l'Amandier","EN, FR","française, Cuisine végétarienne, fait maison, viande",16 €,"American Express,Carte bancaire/crédit,Chèque-Vacances Classic,Espèces,Titre Restaurant,Paiement sans contact,Apple Pay","Ascenseur,Bar,Terrasse,Climatisation,Boulodrome / Terrain de pétanque / Terrain de boule de fort,Parking,Défibrillateur,Equipements développement durable,Jardin,Piscine,Parking autocar,Parking privé,Gestion des déchets,Chaise bébé,Bornes de recharge pour véhicules électriques,Terrasse couverte,Terrasse ombragée,Parking gratuit,Table à langer,Animaux acceptés,Accès autocar,Accès Internet Wifi,Restauration,Restauration enfants",90,1,1,80,09h00 - 23h00,09h00 - 23h00,09h00 - 23h00,09h00 - 23h00,09h00 - 23h00,09h00 - 23h00,09h00 - 23h00
La Mirande – Le Bistrot “La Salle à Manger”,https://cdn.iris-etourism.io/uploads/grand_avignon/sizes/bfa/168-244-16118952-335x335.webp,8.9,04 90 14 20 20,"4, place de l'Amirande","EN, FR","bio, Cuisine végétarienne, végétalienne, sans gluten, française, provençale, végétariens","17 €,35 €","Chèque,Espèces,Titre Restaurant,American Express,Carte bancaire/crédit,Apple Pay,Paiement sans contact","Jardin,Chaise bébé,Terrasse,Salle de réception,Ascenseur,Climatisation,Animaux acceptés,Accès Internet Wifi,Restauration,Banquet",30,0,0,30,09h00 - 23h00,09h00 - 23h00,09h00 - 23h00,09h00 - 23h00,09h00 - 23h00,09h00 - 23h00,09h00 - 23h00
V&G Veggie et Gastro,https://cdn.iris-etourism.io/uploads/grand_avignon/sizes/b2b/182-228-27649206-335x335.webp,9.5,04 90 27 37 97,28 rue de la bonneterie,"EN, ES, FR","gastronomique, Cuisine végétarienne, sans gluten, végétalienne","8 €,26 €,22 €",Carte bancaire/crédit,"Chaise bébé,Animaux acceptés,Accès Internet Wifi",40,2,0,10,Fermé,Fermé,09h00 - 23h00,09h00 - 23h00,09h00 - 23h00,09h00 - 23h00,09h00 - 23h00
Hiély-Lucullus,https://cdn.iris-etourism.io/uploads/grand_avignon/sizes/737/75-59-26426187-335x335.webp,9.7,04 90 86 17 07,"5, rue de la République","EN, ES, FR",gastronomique,"105 €,55 €","American Express,Carte bancaire/crédit,Espèces","Parking souterrain,Parking à proximité,Parking,Parking payant,Climatisation,Réservation obligatoire,Restauration",10,1,1,0,09h00 - 23h00,Fermé,Fermé,09h00 - 23h00,09h00 - 23h00,09h00 - 23h00,09h00 - 23h00
La Mirande – La Table Haute,https://cdn.iris-etourism.io/uploads/grand_avignon/sizes/563/158-244-16118942-335x335.webp,8.9,04 90 14 20 20,4 Place de l'Amirande,"EN, FR","française, Cuisine végétarienne, bio, provençale, sans gluten, végétalienne, fait maison","120 €,150 €,50 €","American Express,Carte bancaire/crédit,Chèque,Espèces,Paiement sans contact,Apple Pay","Ascenseur,Climatisation,Accès Internet Wifi,Restauration,Banquet",12,0,0,0,Fermé,09h00 - 23h00,09h00 - 23h00,09h00 - 23h00,09h00 - 23h00,09h00 - 23h00,Fermé
Le Molière,https://cdn.iris-etourism.io/uploads/grand_avignon/sizes/429/253-184-26654973-335x335.webp,9.4,04 32 76 31 79,"68, place des Corps Saints","EN, FR, IT","Spécialités fromagères, méditerranéenne, française, provençale, sans gluten, végétalienne, fait maison, saladerie, végétariens",9 €,"Carte bancaire/crédit,Chèque-Vacances Classic,Espèces,Titre Restaurant","Terrasse,Parking,Chaise bébé,Animaux acceptés,Accès Internet Wifi,Restauration,Plats à emporter/Plats cuisinés,Traiteur",20,1,1,40,09h00 - 23h00,09h00 - 23h00,09h00 - 23h00,09h00 - 23h00,09h00 - 23h00,Fermé,Fermé
LES TERRASSES DU ROUGE GORGE,https://cdn.iris-etourism.io/uploads/grand_avignon/sizes/42c/46-240-27455534-335x335.webp,0.0,04 86 34 27 27,"10 bis, Place de l'Amirande",FR,"française, saladerie",16 €,"Carte bancaire/crédit,Chèque,Paiement sans contact","Bar,Terrasse,Terrasse ombragée,Animaux acceptés,Location de salles,Accès Internet Wifi,Restauration,Restauration enfants,Privatisable",40,1,0,40,Fermé,09h00 - 23h00,09h00 - 23h00,09h00 - 23h00,09h00 - 23h00,09h00 - 23h00,Fermé
"Mamma Corsica – Restaurant,  Epicerie et bar à vin",https://cdn.iris-etourism.io/uploads/grand_avignon/sizes/1c0/90-140-3181658-335x335.webp,9.1,06 52 32 12 13,"35, rue Saint-Jean le Vieux – Place Pignotte","EN, ZH, FR","bio, fait maison, sans gluten, méditerranéenne, française, Spécialités fromagères, provençale, Cuisine Corse, végétariens","8,50 €,19 €,9,90 €","Chèque,Espèces,Titre Restaurant,Carte bancaire/crédit,Chèque-Vacances Classic","Parking à proximité,Parking,Parking payant,Bar,Terrasse,Climatisation,Animaux acceptés,Accès Internet Wifi,Restauration,Plats à emporter/Plats cuisinés,Traiteur",40,1,0,40,09h00 - 23h00,09h00 - 23h00,09h00 - 23h00,09h00 - 23h00,09h00 - 23h00,09h00 - 23h00,09h00 - 23h00
Restaurant La Vieille Fontaine – Hôtel d’Europe,https://cdn.iris-etourism.io/uploads/grand_avignon/sizes/40a/92-127-21135196-335x335.webp,8.9,04 90 14 76 76,"12, place Crillon","IT, JA, EN, ES, FR","végétalienne, fait maison, sans gluten, végétariens","48 €,140 €,54 €,150 €,25 €","Espèces,American Express,Carte bancaire/crédit","Jardin,Chaise bébé,Parking autocar,Parking,Parking payant,Bar,Terrasse,Salle de réception,Climatisation,Abris pour vélo ou VTT,Animaux acceptés,Location de salles,Animaux avec supplément,Accès Internet Wifi,Restauration,Banquet,Restauration enfants,Salon de thé / Coffee shop",0,0,0,40,Fermé,09h00 - 23h00,09h00 - 23h00,09h00 - 23h00,09h00 - 23h00,09h00 - 23h00,Fermé
La Mirande – Le Restaurant Gastronomique,https://cdn.iris-etourism.io/uploads/grand_avignon/sizes/9e1/144-49-19411344-335x335.webp,8.9,04 90 14 20 20,4 place de l'Amirande,"EN, FR","Cuisine végétarienne, végétalienne, sans gluten, française, provençale, gastronomique, végétariens","85 €,195 €,50 €","Chèque,Espèces,American Express,Carte bancaire/crédit,Apple Pay,Paiement sans contact","Jardin,Chaise bébé,Terrasse,Salle de réception,Ascenseur,Climatisation,Animaux acceptés,Animaux avec supplément,Accès Internet Wifi,Restauration,Banquet",50,0,0,40,Fermé,Fermé,Fermé,09h00 - 23h00,09h00 - 23h00,09h00 - 23h00,09h00 - 23h00
Pinocchio,https://cdn.iris-etourism.io/uploads/grand_avignon/sizes/21d/10-255-16842506-335x335.webp,8.6,04 90 82 60 90,29 rue Théodore Aubanel,"EN, ES, FR, IT","méditerranéenne, italienne, fait maison","9 €,19 €,12,50 €","American Express,Carte bancaire/crédit,Chèque-Vacances Classic,Espèces,Titre Restaurant","Terrasse,Climatisation,Salle de réception,Chaise bébé,Animaux acceptés,Accès Internet Wifi,Restauration,Plats à emporter/Plats cuisinés",60,0,0,80,09h00 - 23h00,09h00 - 23h00,09h00 - 23h00,09h00 - 23h00,09h00 - 23h00,09h00 - 23h00,09h00 - 23h00
Basta Cosi,https://cdn.iris-etourism.io/uploads/grand_avignon/sizes/2a2/210-143-3182546-335x335.webp,9.0,+33 (0)4 90 80 00 80,"7, impasse du Pont","EN, FR","méditerranéenne, italienne",,"American Express,Carte bancaire/crédit,Chèque,Chèque-Vacances Classic,Espèces,Titre Restaurant","Chaise bébé,Terrasse couverte,Parking,Terrasse ombragée,Terrasse,Animaux acceptés,Accès Internet Wifi,Restauration,Plats à emporter/Plats cuisinés",55,1,0,70,09h00 - 23h00,09h00 - 23h00,09h00 - 23h00,09h00 - 23h00,09h00 - 23h00,09h00 - 23h00,09h00 - 23h00
Les Terrasses du Lac – Restaurant du Golf du Grand Avignon,https://cdn.iris-etourism.io/uploads/grand_avignon/sizes/3e0/57-170-19180089-335x335.webp,0.0,+33(0)4 90 31 52 81,Chemin de la Banastière,"EN, ES, FR","fait maison, poisson, Fruits de mer, française, provençale, saladerie, viande, végétariens",,"American Express,Carte bancaire/crédit,Chèque","Abris pour vélo ou VTT,Terrasse,Climatisation,Salle de réception,Parking,Jardin,Parking autocar,Parking privé,Chaise bébé,Borne de recharge pour 2 roues électriques,Animaux acceptés,Accès Internet Wifi,Restauration,Plats à emporter/Plats cuisinés,Restauration enfants,Traiteur,Salon de thé / Coffee shop",150,0,0,50,09h00 - 23h00,09h00 - 23h00,09h00 - 23h00,09h00 - 23h00,09h00 - 23h00,09h00 - 23h00,09h00 - 23h00
Maison Del Cotto,https://cdn.iris-etourism.io/uploads/grand_avignon/sizes/158/247-58-13187831-335x335.webp,8.3,04 90 82 60 91,16-18 Rue des 3 Faucons,"EN, FR","fait maison, méditerranéenne, italienne","12 €,25 €","Carte bancaire/crédit,Espèces,Titre Restaurant","Terrasse,Animaux acceptés,Accès Internet Wifi",50,0,0,24,Fermé,09h00 - 23h00,09h00 - 23h00,09h00 - 23h00,09h00 - 23h00,09h00 - 23h00,Fermé
La Fontaine Dei-Sapori,https://cdn.iris-etourism.io/uploads/grand_avignon/sizes/000/82-136-19236946-335x335.webp,8.8,04 90 34 86 22,150 place Cerealis,"EN, FR, IT","méditerranéenne, française, italienne, provençale, fait maison, végétariens",,"American Express,Carte bancaire/crédit,Espèces,Carte Ticket Restaurant,Paiement sans contact","Terrasse,Climatisation,Parking,Parking privé,Chaise bébé,Parking gratuit,Animaux acceptés,Accès Internet Wifi,Restauration,Plats à emporter/Plats cuisinés,Restauration enfants",0,0,0,0,09h00 - 23h00,09h00 - 23h00,09h00 - 23h00,09h00 - 23h00,09h00 - 23h00,09h00 - 23h00,Fermé
L’Art Brock Café,https://cdn.iris-etourism.io/uploads/grand_avignon/sizes/177/43-77-27741483-335x335.webp,21.0,09 81 50 31 20,129 rue de la Frache,FR,Non spécifié,,"Carte bancaire/crédit,Chèque,Espèces,Virement,Paiement sans contact","Salon de jardin,Terrasse,Toilettes,Climatisation,Salle d'exposition,Salle de réunion,Terrasse ombragée,Animaux acceptés,Accès Internet Wifi,Espace coworking",25,2,0,40,Fermé,09h - 23h,09h - 23h,09h - 23h,09h - 23h,09h - 23h,09h - 12h30
Andjelo,https://cdn.iris-etourism.io/uploads/grand_avignon/sizes/ee9/179-250-20183731-335x335.webp,9.6,09 87 77 08 08,510 Avenue de Grand Angles,"EN, FR, IT","française, Europe de l'Est, fait maison, végétariens",,"Carte bancaire/crédit,Espèces,Titre Restaurant,Paiement sans contact","Terrasse,Toilettes,Climatisation,Parking,Salle de réunion,Chaise bébé,Terrasse couverte,Parking gratuit,Animaux acceptés,Accès Internet Wifi,Documentation Touristique,Espace coworking",60,2,0,30,12h - 15h,12h - 15h,12h - 15h,12h - 15h,12h - 15h,12h - 15h,12h - 15h
Naturabsolu,https://cdn.iris-etourism.io/uploads/grand_avignon/sizes/4e7/191-141-3706303-335x335.webp,9.5,09 50 76 05 97,10 place Saint Marc,"EN, ES, FR, IT","Cuisine végétarienne, bio, sans gluten, sans lactose, végétalienne, fait maison",,"Chèque,Espèces","Terrasse,Terrasse ombragée,Animaux acceptés,Restauration,Plats à emporter/Plats cuisinés,Traiteur",14,1,0,16,09h00 - 23h00,09h00 - 23h00,Fermé,09h00 - 23h00,09h00 - 23h00,09h00 - 23h00,Fermé
Lili Rosa,https://cdn.iris-etourism.io/uploads/grand_avignon/sizes/7df/198-198-29607622-335x335.webp,21.0,+33(0)4 90 27 02 01,Centre Commercial Buld'Air,FR,Non spécifié,"22,90 €,11,90 €",,"Terrasse,Parking,Parking autocar,Terrasse ombragée,Parking gratuit,Accès Internet Wifi,Service continu,Privatisable,Accessible en poussette",164,4,4,96,11h30 - 21h30,11h30 - 21h30,11h30 - 21h30,11h30 - 21h30,11h30 - 22h30,11h30 - 22h30,Fermé
Maison Bronzini – Le Bistrot du Moulin,https://cdn.iris-etourism.io/uploads/grand_avignon/sizes/bc5/168-103-13920168-335x335.webp,8.8,04 90 25 45 59,74 rue de la République,"DE, EN, ES, FR","française, provençale, fait maison, végétariens","12 €,28 €,12 €","American Express,Carte bancaire/crédit,Chèque,Espèces","Bar,Terrasse,Climatisation,Salle de réception,Parking,Jardin,Parking à proximité,Parking autocar,Chaise bébé,Animaux acceptés,Accès Internet Wifi,Restauration,Banquet,Plats à emporter/Plats cuisinés,Restauration enfants,Brunch",250,4,4,250,09h00 - 23h00,09h00 - 23h00,09h00 - 23h00,09h00 - 23h00,09h00 - 23h00,09h00 - 23h00,09h00 - 23h00
Entre Vigne et Garrigue,https://cdn.iris-etourism.io/uploads/grand_avignon/sizes/e1f/253-208-3199229-335x335.webp,9.5,04 90 95 20 29,Mas de Saint-Bruno,"EN, FR","gastronomique, méditerranéenne, sans gluten, sans lactose, fait maison","100 €,150 €,88 €,135 €,25 €","American Express,Carte bancaire/crédit,Chèque,Espèces","Terrasse,Climatisation,Salle de réception,Parking,Jardin,Parc,Parking autocar,Parking privé,Chaise bébé,Accès autocar,Accès Internet Wifi,Restauration,Banquet,Plats à emporter/Plats cuisinés",45,2,2,45,Fermé,Fermé,09h00 - 23h00,09h00 - 23h00,09h00 - 23h00,09h00 - 23h00,09h00 - 23h00
L’Autre Table,https://cdn.iris-etourism.io/uploads/grand_avignon/sizes/ebf/68-185-27900228-335x335.webp,9.6,04 90 90 74 76,35 rue notre dame,FR,Non spécifié,14 €,"Chèque,Carte bancaire/crédit,Espèces,Paiement sans contact",Parking à proximité,28,2,0,15,Fermé,18h30 - 23h,11h30 - 14h,11h30 - 14h,11h30 - 14h,11h30 - 14h,11h30 - 14h30
Auberge de Cassagne & Spa,https://cdn.iris-etourism.io/uploads/grand_avignon/sizes/8a5/166-207-3985318-335x335.webp,9.2,04 90 31 04 18,450 allée de Cassagne,"IT, DE, EN, ES, FR, RU","végétalienne, fait maison, sans gluten, méditerranéenne, française, provençale, gastronomique, végétariens","80 €,74 €,24 €,90 €,45 €","Espèces,American Express,Carte bancaire/crédit,Chèque-Vacances Classic,Chèque-Vacances Connect","Jardin,Piscine,Chaise bébé,Parking privé,Parking autocar,Parking,Terrasse,Salle de réception,Climatisation,Abris pour vélo ou VTT,Animaux acceptés,Accès autocar,Accès Internet Wifi,Documentation Touristique,Restauration,Voiturier,Banquet,Restauration enfants,Kit de réparation cycles",80,2,2,80,12h - 13h30,12h - 13h30,12h - 13h30,12h - 13h30,12h - 13h30,12h - 13h30,12h - 13h30
